method,schedule,role,N,theta,w,m_base,s,pi,lambda_init,H,inverse_H,predicted_half_time,n_runs,n_events,n_censored,event_fraction,median_t_half,median_censored,t_half_ci_low,t_half_ci_high,bootstrap_undefined_fraction,half_time_estimator,median_over_predicted,median_final_lambda,median_final_exact_excess_risk,mode_weight_config_hash,reportable,chosen_learning_rate,config_hash,git_hash,branch_T,kl_impl,python,numpy,platform
population_gd,"s=0,pi=0.03",full_mask_control,63,0.8,0.5,31,0,0.03,0.1,0.00750000604463778,133.33322587319276,924.195495889659,1,1,0,1.0,1489.0,False,1489.0,1489.0,0.0,median,1.6111309854054665,0.5,0.0,f2e27b4556cf5168,True,0.1,b2b307b011a34ca9,1bae1ba,30.0,stable,3.11.5,1.26.4,Windows-10-10.0.26200-SP0
population_gd,"s=0,pi=0.03",full_mask_control,63,0.8,0.5,31,0,0.03,0.3,0.00750000604463778,133.33322587319276,924.195495889659,1,1,0,1.0,1013.0,False,1013.0,1013.0,0.0,median,1.0960884407090246,0.5,0.0,f2e27b4556cf5168,True,0.1,b2b307b011a34ca9,1bae1ba,30.0,stable,3.11.5,1.26.4,Windows-10-10.0.26200-SP0
population_gd,"s=0,pi=0.03",full_mask_control,63,0.8,0.5,31,0,0.03,0.4,0.00750000604463778,133.33322587319276,924.195495889659,1,1,0,1.0,945.0,False,945.0,945.0,0.0,median,1.0225109343238186,0.5,0.0,f2e27b4556cf5168,True,0.1,b2b307b011a34ca9,1bae1ba,30.0,stable,3.11.5,1.26.4,Windows-10-10.0.26200-SP0
population_gd,"s=0,pi=0.03",full_mask_control,63,0.8,0.5,31,0,0.03,0.6,0.00750000604463778,133.33322587319276,924.195495889659,1,1,0,1.0,945.0,False,945.0,945.0,0.0,median,1.0225109343238186,0.5,0.0,f2e27b4556cf5168,True,0.1,b2b307b011a34ca9,1bae1ba,30.0,stable,3.11.5,1.26.4,Windows-10-10.0.26200-SP0
population_gd,"s=0,pi=0.03",full_mask_control,63,0.8,0.5,31,0,0.03,0.7,0.00750000604463778,133.33322587319276,924.195495889659,1,1,0,1.0,1013.0,False,1013.0,1013.0,0.0,median,1.0960884407090246,0.5,0.0,f2e27b4556cf5168,True,0.1,b2b307b011a34ca9,1bae1ba,30.0,stable,3.11.5,1.26.4,Windows-10-10.0.26200-SP0
population_gd,"s=0,pi=0.03",full_mask_control,63,0.8,0.5,31,0,0.03,0.9,0.00750000604463778,133.33322587319276,924.195495889659,1,1,0,1.0,1489.0,False,1489.0,1489.0,0.0,median,1.6111309854054665,0.5,0.0,f2e27b4556cf5168,True,0.1,b2b307b011a34ca9,1bae1ba,30.0,stable,3.11.5,1.26.4,Windows-10-10.0.26200-SP0
population_gd,blind,blind,63,0.8,0.5,31,1,0.0,0.1,6.231585340108772e-09,160472808.3500089,1112312746.6434512,1,0,1,0.0,inf,True,,inf,1.0,Kaplan-Meier median,inf,0.10001621005746784,1.7647489783256557e-08,f2e27b4556cf5168,True,0.1,b2b307b011a34ca9,1bae1ba,30.0,stable,3.11.5,1.26.4,Windows-10-10.0.26200-SP0
population_gd,blind,blind,63,0.8,0.5,31,1,0.0,0.3,6.231585340108772e-09,160472808.3500089,1112312746.6434512,1,0,1,0.0,inf,True,,inf,1.0,Kaplan-Meier median,inf,0.3000117468626502,2.3039282530105133e-09,f2e27b4556cf5168,True,0.1,b2b307b011a34ca9,1bae1ba,30.0,stable,3.11.5,1.26.4,Windows-10-10.0.26200-SP0
population_gd,blind,blind,63,0.8,0.5,31,1,0.0,0.4,6.231585340108772e-09,160472808.3500089,1112312746.6434512,1,0,1,0.0,inf,True,,inf,1.0,Kaplan-Meier median,inf,0.4000061489617131,5.157811270131895e-10,f2e27b4556cf5168,True,0.1,b2b307b011a34ca9,1bae1ba,30.0,stable,3.11.5,1.26.4,Windows-10-10.0.26200-SP0
population_gd,blind,blind,63,0.8,0.5,31,1,0.0,0.6,6.231585340108772e-09,160472808.3500089,1112312746.6434512,1,0,1,0.0,inf,True,,inf,1.0,Kaplan-Meier median,inf,0.5999938510382868,5.157811270131895e-10,f2e27b4556cf5168,True,0.1,b2b307b011a34ca9,1bae1ba,30.0,stable,3.11.5,1.26.4,Windows-10-10.0.26200-SP0
population_gd,blind,blind,63,0.8,0.5,31,1,0.0,0.7,6.231585340108772e-09,160472808.3500089,1112312746.6434512,1,0,1,0.0,inf,True,,inf,1.0,Kaplan-Meier median,inf,0.6999882531373499,2.303928253010505e-09,f2e27b4556cf5168,True,0.1,b2b307b011a34ca9,1bae1ba,30.0,stable,3.11.5,1.26.4,Windows-10-10.0.26200-SP0
population_gd,blind,blind,63,0.8,0.5,31,1,0.0,0.9,6.231585340108772e-09,160472808.3500089,1112312746.6434512,1,0,1,0.0,inf,True,,inf,1.0,Kaplan-Meier median,inf,0.8999837899425323,1.7647489783256557e-08,f2e27b4556cf5168,True,0.1,b2b307b011a34ca9,1bae1ba,30.0,stable,3.11.5,1.26.4,Windows-10-10.0.26200-SP0
population_gd,"s=1,pi=0.001",primary_low_visibility,63,0.8,0.5,31,1,0.001,0.1,9.000622535375462e-05,11110.342602077411,77011.02649685003,1,1,0,1.0,93956.0,False,93956.0,93956.0,0.0,median,1.2200330819359104,0.30996466178646975,2.950607331276755e-05,f2e27b4556cf5168,True,0.1,b2b307b011a34ca9,1bae1ba,30.0,stable,3.11.5,1.26.4,Windows-10-10.0.26200-SP0
population_gd,"s=1,pi=0.001",primary_low_visibility,63,0.8,0.5,31,1,0.001,0.3,9.000622535375462e-05,11110.342602077411,77011.02649685003,1,1,0,1.0,79682.0,False,79682.0,79682.0,0.0,median,1.03468300092402,0.41652510392104825,5.134749142274036e-06,f2e27b4556cf5168,True,0.1,b2b307b011a34ca9,1bae1ba,30.0,stable,3.11.5,1.26.4,Windows-10-10.0.26200-SP0
population_gd,"s=1,pi=0.001",primary_low_visibility,63,0.8,0.5,31,1,0.001,0.4,9.000622535375462e-05,11110.342602077411,77011.02649685003,1,1,0,1.0,77627.0,False,77627.0,77627.0,0.0,median,1.0079985104883022,0.4590953813727664,1.2114275456772503e-06,f2e27b4556cf5168,True,0.1,b2b307b011a34ca9,1bae1ba,30.0,stable,3.11.5,1.26.4,Windows-10-10.0.26200-SP0
population_gd,"s=1,pi=0.001",primary_low_visibility,63,0.8,0.5,31,1,0.001,0.6,9.000622535375462e-05,11110.342602077411,77011.02649685003,1,1,0,1.0,77627.0,False,77627.0,77627.0,0.0,median,1.0079985104883022,0.5409046186272336,1.2114275456772503e-06,f2e27b4556cf5168,True,0.1,b2b307b011a34ca9,1bae1ba,30.0,stable,3.11.5,1.26.4,Windows-10-10.0.26200-SP0
population_gd,"s=1,pi=0.001",primary_low_visibility,63,0.8,0.5,31,1,0.001,0.7,9.000622535375462e-05,11110.342602077411,77011.02649685003,1,1,0,1.0,79682.0,False,79682.0,79682.0,0.0,median,1.03468300092402,0.5834748960789518,5.134749142274036e-06,f2e27b4556cf5168,True,0.1,b2b307b011a34ca9,1bae1ba,30.0,stable,3.11.5,1.26.4,Windows-10-10.0.26200-SP0
population_gd,"s=1,pi=0.001",primary_low_visibility,63,0.8,0.5,31,1,0.001,0.9,9.000622535375462e-05,11110.342602077411,77011.02649685003,1,1,0,1.0,93956.0,False,93956.0,93956.0,0.0,median,1.2200330819359104,0.6900353382135304,2.95060733127676e-05,f2e27b4556cf5168,True,0.1,b2b307b011a34ca9,1bae1ba,30.0,stable,3.11.5,1.26.4,Windows-10-10.0.26200-SP0
population_gd,"s=1,pi=0.003",primary_low_visibility,63,0.8,0.5,31,1,0.003,0.1,0.0002700062128905834,3703.6184808282073,25671.527078557792,1,1,0,1.0,31320.0,False,31320.0,31320.0,0.0,median,1.2200287074530953,0.4677181183721355,2.2587519301068576e-06,f2e27b4556cf5168,True,0.1,b2b307b011a34ca9,1bae1ba,30.0,stable,3.11.5,1.26.4,Windows-10-10.0.26200-SP0
population_gd,"s=1,pi=0.003",primary_low_visibility,63,0.8,0.5,31,1,0.003,0.3,0.0002700062128905834,3703.6184808282073,25671.527078557792,1,1,0,1.0,26562.0,False,26562.0,26562.0,0.0,median,1.0346871815890524,0.48613368114100003,4.155852181749664e-07,f2e27b4556cf5168,True,0.1,b2b307b011a34ca9,1bae1ba,30.0,stable,3.11.5,1.26.4,Windows-10-10.0.26200-SP0
population_gd,"s=1,pi=0.003",primary_low_visibility,63,0.8,0.5,31,1,0.003,0.4,0.0002700062128905834,3703.6184808282073,25671.527078557792,1,1,0,1.0,25877.0,False,25877.0,25877.0,0.0,median,1.0080039228213202,0.49323077705563545,9.8993495248885e-08,f2e27b4556cf5168,True,0.1,b2b307b011a34ca9,1bae1ba,30.0,stable,3.11.5,1.26.4,Windows-10-10.0.26200-SP0
population_gd,"s=1,pi=0.003",primary_low_visibility,63,0.8,0.5,31,1,0.003,0.6,0.0002700062128905834,3703.6184808282073,25671.527078557792,1,1,0,1.0,25877.0,False,25877.0,25877.0,0.0,median,1.0080039228213202,0.5067692229443646,9.8993495248885e-08,f2e27b4556cf5168,True,0.1,b2b307b011a34ca9,1bae1ba,30.0,stable,3.11.5,1.26.4,Windows-10-10.0.26200-SP0
population_gd,"s=1,pi=0.003",primary_low_visibility,63,0.8,0.5,31,1,0.003,0.7,0.0002700062128905834,3703.6184808282073,25671.527078557792,1,1,0,1.0,26562.0,False,26562.0,26562.0,0.0,median,1.0346871815890524,0.513866318859,4.15585218174962e-07,f2e27b4556cf5168,True,0.1,b2b307b011a34ca9,1bae1ba,30.0,stable,3.11.5,1.26.4,Windows-10-10.0.26200-SP0
population_gd,"s=1,pi=0.003",primary_low_visibility,63,0.8,0.5,31,1,0.003,0.9,0.0002700062128905834,3703.6184808282073,25671.527078557792,1,1,0,1.0,31320.0,False,31320.0,31320.0,0.0,median,1.2200287074530953,0.5322818816278645,2.2587519301068576e-06,f2e27b4556cf5168,True,0.1,b2b307b011a34ca9,1bae1ba,30.0,stable,3.11.5,1.26.4,Windows-10-10.0.26200-SP0
population_gd,"s=1,pi=0.03",primary_low_visibility,63,0.8,0.5,31,1,0.03,0.1,0.002700006044637775,370.3695412038076,2567.2060325069974,1,1,0,1.0,3132.0,False,3132.0,3132.0,0.0,median,1.2200033656595355,0.49999999999909983,1.7502906296591014e-26,f2e27b4556cf5168,True,0.1,b2b307b011a34ca9,1bae1ba,30.0,stable,3.11.5,1.26.4,Windows-10-10.0.26200-SP0
population_gd,"s=1,pi=0.03",primary_low_visibility,63,0.8,0.5,31,1,0.03,0.3,0.002700006044637775,370.3695412038076,2567.2060325069974,1,1,0,1.0,2656.0,False,2656.0,2656.0,0.0,median,1.0345877839054043,0.49999999999961353,3.2261327797190887e-27,f2e27b4556cf5168,True,0.1,b2b307b011a34ca9,1bae1ba,30.0,stable,3.11.5,1.26.4,Windows-10-10.0.26200-SP0
population_gd,"s=1,pi=0.03",primary_low_visibility,63,0.8,0.5,31,1,0.03,0.4,0.002700006044637775,370.3695412038076,2567.2060325069974,1,1,0,1.0,2588.0,False,2588.0,2588.0,0.0,median,1.0080998436548143,0.4999999999998114,7.68478459883416e-28,f2e27b4556cf5168,True,0.1,b2b307b011a34ca9,1bae1ba,30.0,stable,3.11.5,1.26.4,Windows-10-10.0.26200-SP0
population_gd,"s=1,pi=0.03",primary_low_visibility,63,0.8,0.5,31,1,0.03,0.6,0.002700006044637775,370.3695412038076,2567.2060325069974,1,1,0,1.0,2588.0,False,2588.0,2588.0,0.0,median,1.0080998436548143,0.5000000000001886,7.68478459883416e-28,f2e27b4556cf5168,True,0.1,b2b307b011a34ca9,1bae1ba,30.0,stable,3.11.5,1.26.4,Windows-10-10.0.26200-SP0
population_gd,"s=1,pi=0.03",primary_low_visibility,63,0.8,0.5,31,1,0.03,0.7,0.002700006044637775,370.3695412038076,2567.2060325069974,1,1,0,1.0,2656.0,False,2656.0,2656.0,0.0,median,1.0345877839054043,0.5000000000003865,3.2261327804720422e-27,f2e27b4556cf5168,True,0.1,b2b307b011a34ca9,1bae1ba,30.0,stable,3.11.5,1.26.4,Windows-10-10.0.26200-SP0
population_gd,"s=1,pi=0.03",primary_low_visibility,63,0.8,0.5,31,1,0.03,0.9,0.002700006044637775,370.3695412038076,2567.2060325069974,1,1,0,1.0,3132.0,False,3132.0,3132.0,0.0,median,1.2200033656595355,0.5000000000009003,1.750290629659114e-26,f2e27b4556cf5168,True,0.1,b2b307b011a34ca9,1bae1ba,30.0,stable,3.11.5,1.26.4,Windows-10-10.0.26200-SP0
population_gd,"s=1,pi=0.1",primary_low_visibility,63,0.8,0.5,31,1,0.1,0.1,0.0090000056084268,111.11104187131721,770.1630540218155,1,1,0,1.0,940.0,False,940.0,940.0,0.0,median,1.2205207651695194,0.5,0.0,f2e27b4556cf5168,True,0.1,b2b307b011a34ca9,1bae1ba,30.0,stable,3.11.5,1.26.4,Windows-10-10.0.26200-SP0
population_gd,"s=1,pi=0.1",primary_low_visibility,63,0.8,0.5,31,1,0.1,0.3,0.0090000056084268,111.11104187131721,770.1630540218155,1,1,0,1.0,797.0,False,797.0,797.0,0.0,median,1.0348457977022414,0.5,0.0,f2e27b4556cf5168,True,0.1,b2b307b011a34ca9,1bae1ba,30.0,stable,3.11.5,1.26.4,Windows-10-10.0.26200-SP0
population_gd,"s=1,pi=0.1",primary_low_visibility,63,0.8,0.5,31,1,0.1,0.4,0.0090000056084268,111.11104187131721,770.1630540218155,1,1,0,1.0,776.0,False,776.0,776.0,0.0,median,1.007578844437816,0.5,0.0,f2e27b4556cf5168,True,0.1,b2b307b011a34ca9,1bae1ba,30.0,stable,3.11.5,1.26.4,Windows-10-10.0.26200-SP0
population_gd,"s=1,pi=0.1",primary_low_visibility,63,0.8,0.5,31,1,0.1,0.6,0.0090000056084268,111.11104187131721,770.1630540218155,1,1,0,1.0,776.0,False,776.0,776.0,0.0,median,1.007578844437816,0.5,0.0,f2e27b4556cf5168,True,0.1,b2b307b011a34ca9,1bae1ba,30.0,stable,3.11.5,1.26.4,Windows-10-10.0.26200-SP0
population_gd,"s=1,pi=0.1",primary_low_visibility,63,0.8,0.5,31,1,0.1,0.7,0.0090000056084268,111.11104187131721,770.1630540218155,1,1,0,1.0,797.0,False,797.0,797.0,0.0,median,1.0348457977022414,0.5,0.0,f2e27b4556cf5168,True,0.1,b2b307b011a34ca9,1bae1ba,30.0,stable,3.11.5,1.26.4,Windows-10-10.0.26200-SP0
population_gd,"s=1,pi=0.1",primary_low_visibility,63,0.8,0.5,31,1,0.1,0.9,0.0090000056084268,111.11104187131721,770.1630540218155,1,1,0,1.0,940.0,False,940.0,940.0,0.0,median,1.2205207651695194,0.5,0.0,f2e27b4556cf5168,True,0.1,b2b307b011a34ca9,1bae1ba,30.0,stable,3.11.5,1.26.4,Windows-10-10.0.26200-SP0
population_gd,"s=4,pi=0.03",s4_robustness,63,0.8,0.5,31,4,0.03,0.1,0.0004741885142893531,2108.86592539817,14617.544703686815,1,1,0,1.0,20602.0,False,20602.0,20602.0,0.0,median,1.4094022229878178,0.495047417569854,9.305301424022813e-08,f2e27b4556cf5168,True,0.1,b2b307b011a34ca9,1bae1ba,30.0,stable,3.11.5,1.26.4,Windows-10-10.0.26200-SP0
population_gd,"s=4,pi=0.03",s4_robustness,63,0.8,0.5,31,4,0.03,0.3,0.0004741885142893531,2108.86592539817,14617.544703686815,1,1,0,1.0,15690.0,False,15690.0,15690.0,0.0,median,1.0733676768604437,0.4981354651533203,1.318820567618411e-08,f2e27b4556cf5168,True,0.1,b2b307b011a34ca9,1bae1ba,30.0,stable,3.11.5,1.26.4,Windows-10-10.0.26200-SP0
population_gd,"s=4,pi=0.03",s4_robustness,63,0.8,0.5,31,4,0.03,0.4,0.0004741885142893531,2108.86592539817,14617.544703686815,1,1,0,1.0,14869.0,False,14869.0,14869.0,0.0,median,1.0172022936416787,0.49911395291167426,2.9782109436217316e-09,f2e27b4556cf5168,True,0.1,b2b307b011a34ca9,1bae1ba,30.0,stable,3.11.5,1.26.4,Windows-10-10.0.26200-SP0
population_gd,"s=4,pi=0.03",s4_robustness,63,0.8,0.5,31,4,0.03,0.6,0.0004741885142893531,2108.86592539817,14617.544703686815,1,1,0,1.0,14869.0,False,14869.0,14869.0,0.0,median,1.0172022936416787,0.5008860470883257,2.9782109436220174e-09,f2e27b4556cf5168,True,0.1,b2b307b011a34ca9,1bae1ba,30.0,stable,3.11.5,1.26.4,Windows-10-10.0.26200-SP0
population_gd,"s=4,pi=0.03",s4_robustness,63,0.8,0.5,31,4,0.03,0.7,0.0004741885142893531,2108.86592539817,14617.544703686815,1,1,0,1.0,15690.0,False,15690.0,15690.0,0.0,median,1.0733676768604437,0.5018645348466797,1.318820567618472e-08,f2e27b4556cf5168,True,0.1,b2b307b011a34ca9,1bae1ba,30.0,stable,3.11.5,1.26.4,Windows-10-10.0.26200-SP0
population_gd,"s=4,pi=0.03",s4_robustness,63,0.8,0.5,31,4,0.03,0.9,0.0004741885142893531,2108.86592539817,14617.544703686815,1,1,0,1.0,20602.0,False,20602.0,20602.0,0.0,median,1.4094022229878178,0.504952582430146,9.305301424022813e-08,f2e27b4556cf5168,True,0.1,b2b307b011a34ca9,1bae1ba,30.0,stable,3.11.5,1.26.4,Windows-10-10.0.26200-SP0
sgd,"s=0,pi=0.03",full_mask_control,63,0.8,0.5,31,0,0.03,0.4,0.00750000604463778,133.33322587319276,924.195495889659,5,5,0,1.0,1000.0,False,1000.0,1100.0,0.0,median,1.0820221527236176,0.45837698588507725,0.00010431045167787492,f2e27b4556cf5168,True,0.1,b2b307b011a34ca9,1bae1ba,30.0,stable,3.11.5,1.26.4,Windows-10-10.0.26200-SP0
sgd,"s=0,pi=0.03",full_mask_control,63,0.8,0.5,31,0,0.03,0.6,0.00750000604463778,133.33322587319276,924.195495889659,5,5,0,1.0,1000.0,False,900.0,1000.0,0.0,median,1.0820221527236176,0.541058601631762,0.00010149118311751962,f2e27b4556cf5168,True,0.1,b2b307b011a34ca9,1bae1ba,30.0,stable,3.11.5,1.26.4,Windows-10-10.0.26200-SP0
sgd,blind,blind,63,0.8,0.5,31,1,0.0,0.4,6.231585340108772e-09,160472808.3500089,1112312746.6434512,5,0,5,0.0,inf,True,,inf,1.0,Kaplan-Meier median,inf,0.40002755182915606,5.155526824197526e-10,f2e27b4556cf5168,True,0.1,b2b307b011a34ca9,1bae1ba,30.0,stable,3.11.5,1.26.4,Windows-10-10.0.26200-SP0
sgd,blind,blind,63,0.8,0.5,31,1,0.0,0.6,6.231585340108772e-09,160472808.3500089,1112312746.6434512,5,0,5,0.0,inf,True,,inf,1.0,Kaplan-Meier median,inf,0.6000127200859043,5.159825729562881e-10,f2e27b4556cf5168,True,0.1,b2b307b011a34ca9,1bae1ba,30.0,stable,3.11.5,1.26.4,Windows-10-10.0.26200-SP0
sgd,"s=1,pi=0.001",primary_low_visibility,63,0.8,0.5,31,1,0.001,0.4,9.000622535375462e-05,11110.342602077411,77011.02649685003,5,5,0,1.0,80700.0,False,75300.0,84300.0,0.0,median,1.04790188718366,0.45023592604433166,1.7977816988317384e-06,f2e27b4556cf5168,True,0.1,b2b307b011a34ca9,1bae1ba,30.0,stable,3.11.5,1.26.4,Windows-10-10.0.26200-SP0
sgd,"s=1,pi=0.001",primary_low_visibility,63,0.8,0.5,31,1,0.001,0.6,9.000622535375462e-05,11110.342602077411,77011.02649685003,5,5,0,1.0,73600.0,False,72900.0,81600.0,0.0,median,0.9557072973570928,0.549789772277778,1.7996541677714918e-06,f2e27b4556cf5168,True,0.1,b2b307b011a34ca9,1bae1ba,30.0,stable,3.11.5,1.26.4,Windows-10-10.0.26200-SP0
sgd,"s=1,pi=0.003",primary_low_visibility,63,0.8,0.5,31,1,0.003,0.4,0.0002700062128905834,3703.6184808282073,25671.527078557792,5,5,0,1.0,26800.0,False,24700.0,30600.0,0.0,median,1.0439581532484978,0.45040105549188697,5.357073509565358e-06,f2e27b4556cf5168,True,0.1,b2b307b011a34ca9,1bae1ba,30.0,stable,3.11.5,1.26.4,Windows-10-10.0.26200-SP0
sgd,"s=1,pi=0.003",primary_low_visibility,63,0.8,0.5,31,1,0.003,0.6,0.0002700062128905834,3703.6184808282073,25671.527078557792,5,5,0,1.0,25100.0,False,22900.0,27700.0,0.0,median,0.9777369271096007,0.5498355762087794,5.408732522627406e-06,f2e27b4556cf5168,True,0.1,b2b307b011a34ca9,1bae1ba,30.0,stable,3.11.5,1.26.4,Windows-10-10.0.26200-SP0
sgd,"s=1,pi=0.03",primary_low_visibility,63,0.8,0.5,31,1,0.03,0.4,0.002700006044637775,370.3695412038076,2567.2060325069974,5,5,0,1.0,2700.0,False,2300.0,3000.0,0.0,median,1.0517270393616687,0.4527613937273647,4.8555637952647745e-05,f2e27b4556cf5168,True,0.1,b2b307b011a34ca9,1bae1ba,30.0,stable,3.11.5,1.26.4,Windows-10-10.0.26200-SP0
sgd,"s=1,pi=0.03",primary_low_visibility,63,0.8,0.5,31,1,0.03,0.6,0.002700006044637775,370.3695412038076,2567.2060325069974,5,5,0,1.0,2500.0,False,2400.0,2900.0,0.0,median,0.9738213327422858,0.5462139831111444,4.645739990491364e-05,f2e27b4556cf5168,True,0.1,b2b307b011a34ca9,1bae1ba,30.0,stable,3.11.5,1.26.4,Windows-10-10.0.26200-SP0
sgd,"s=1,pi=0.1",primary_low_visibility,63,0.8,0.5,31,1,0.1,0.4,0.0090000056084268,111.11104187131721,770.1630540218155,5,5,0,1.0,900.0,False,800.0,900.0,0.0,median,1.1685837113325184,0.461208968457231,0.00010887906680791315,f2e27b4556cf5168,True,0.1,b2b307b011a34ca9,1bae1ba,30.0,stable,3.11.5,1.26.4,Windows-10-10.0.26200-SP0
sgd,"s=1,pi=0.1",primary_low_visibility,63,0.8,0.5,31,1,0.1,0.6,0.0090000056084268,111.11104187131721,770.1630540218155,5,5,0,1.0,800.0,False,800.0,800.0,0.0,median,1.0387410767400165,0.5400136475388624,0.000115887338514819,f2e27b4556cf5168,True,0.1,b2b307b011a34ca9,1bae1ba,30.0,stable,3.11.5,1.26.4,Windows-10-10.0.26200-SP0
sgd,"s=4,pi=0.03",s4_robustness,63,0.8,0.5,31,4,0.03,0.4,0.0004741885142893531,2108.86592539817,14617.544703686815,5,5,0,1.0,14800.0,False,14000.0,16000.0,0.0,median,1.0124819386573976,0.45079674933950714,9.238616730537789e-06,f2e27b4556cf5168,True,0.1,b2b307b011a34ca9,1bae1ba,30.0,stable,3.11.5,1.26.4,Windows-10-10.0.26200-SP0
sgd,"s=4,pi=0.03",s4_robustness,63,0.8,0.5,31,4,0.03,0.6,0.0004741885142893531,2108.86592539817,14617.544703686815,5,5,0,1.0,15000.0,False,13700.0,15900.0,0.0,median,1.0261641270176327,0.5493949106829272,9.311164255860696e-06,f2e27b4556cf5168,True,0.1,b2b307b011a34ca9,1bae1ba,30.0,stable,3.11.5,1.26.4,Windows-10-10.0.26200-SP0
